{
  "spec/controllers/accounts/books_controller_spec.rb": 0.24744391441345215,
  "spec/controllers/accounts/plans_controller_spec.rb": 0.12506985664367676,
  "spec/features/accounts/accepting_invitations_spec.rb": 1.08797025680542,
  "spec/features/accounts/adding_books_spec.rb": 0.7991807460784912,
  "spec/features/accounts/books_spec.rb": 0.6955626010894775,
  "spec/features/accounts/inviting_users_spec.rb": 0.13980698585510254,
  "spec/features/accounts/permissions_spec.rb": 0.5780830383300781,
  "spec/features/accounts/sign_up_spec.rb": 15.89184045791626,
  "spec/features/accounts/subscription_required_spec.rb": 0.09035491943359375,
  "spec/features/accounts/subscriptions_spec.rb": 26.79356813430786,
  "spec/features/accounts/switching_spec.rb": 0.19224023818969727,
  "spec/features/accounts/users_spec.rb": 0.5350556373596191,
  "spec/features/books_spec.rb": 0.6020398139953613,
  "spec/features/comments_spec.rb": 1.2303259372711182,
  "spec/features/notes_spec.rb": 2.142001152038574,
  "spec/features/users/signing_out_spec.rb": 0.20715999603271484,
  "spec/helpers/application_helper_spec.rb": 0.002460002899169922,
  "spec/lib/git_spec.rb": 0.04508471488952637,
  "spec/lib/markdown_renderer_spec.rb": 0.2164900302886963,
  "spec/lib/stripe_plan_fetcher_spec.rb": 0.002647876739501953,
  "spec/models/book_spec.rb": 0.31199026107788086,
  "spec/models/chapter_spec.rb": 0.6326267719268799,
  "spec/models/comment_spec.rb": 1.0397119522094727,
  "spec/models/invitation_spec.rb": 0.0031070709228515625,
  "spec/models/markdown_chapter_spec.rb": 0.13729310035705566
}